model	string_f1	string_cost_usd	code_helpers_f1	code_helpers_cost_usd
Claude Haiku 4.5	0.7761 +/- 0.1507	0.27857	0.7715 +/- 0.1407	0.28281
GPT 5 Mini Medium	0.9677 +/- 0.0000	0.502586	0.9785 +/- 0.0232	0.481374
Gemini 3 Flash	0.9435 +/- 0.1217	0.536821	0.9866 +/- 0.0115	0.501808
Claude Opus 4.6	0.9071 +/- 0.0941	1.38162	0.9672	1.48832
GPT 5.2 High	0.9677 +/- 0.0000	0.963244	0.9677 +/- 0.0000	0.642564
Gemini 3.1 Pro	0.9677 +/- 0.0000	0.967712	0.9811 +/- 0.0119	0.958076
